<?xml version="1.0"?>
<doc>
    <assembly>
        <name>Tools</name>
    </assembly>
    <members>
        <member name="T:DawnXZ.Tools.DawnMemoryAllocator">
            <summary>
            <para>###########################################################################################</para>
            <para>## Name of function/class/method...: MemoryAllocator </para>
            <para>## Version of function/class/method: v1.1 </para>
            <para>## Version of software.............: v1.0 </para>
            <para>## Author..........................: Gabriel Renom </para>
            <para>## Date............................: 1/December/2006 (Last update 4/12/2006) </para>
            <para>## Company.........................: Intellident </para>
            <para>##----------------------------------------------------------------------------------------- </para>
            <para>## Description: MemoryAllocater gives you the ability of setting your own memory (Mb/KB) </para>
            <para>## - SetMemoryInMegaBit () </para>
            <para>## - SetMemoryInKB () </para>
            <para>## It gets information about any kind of memory available/total from the system: </para>
            <para>## - Virtual Memory </para>
            <para>## - Physical Memory </para>
            <para>## - Page File </para>
            <para>## - Page Size </para>
            <para>## - CF CardFree Space </para>
            <para>##----------------------------------------------------------------------------------------- </para>
            <para>## IN: - </para>
            <para>##----------------------------------------------------------------------------------------- </para>
            <para>## OUT: - </para>
            <para>##----------------------------------------------------------------------------------------- </para>
            <para>## Dependencies: By default it uses API calls to "coredll.dll" and .NET libraries; System </para>
            <para>## and System.Runtime.InteropServices.      OpenNetCF.org</para>
            <para>###########################################################################################</para>
            </summary>
        </member>
        <member name="F:DawnXZ.Tools.DawnMemoryAllocator.iStoragePages">
            <summary>
            存储页
            </summary>
        </member>
        <member name="F:DawnXZ.Tools.DawnMemoryAllocator.iRamPages">
            <summary>
            RAM页
            </summary>
        </member>
        <member name="F:DawnXZ.Tools.DawnMemoryAllocator.iPageSize">
            <summary>
            页面大小
            </summary>
        </member>
        <member name="M:DawnXZ.Tools.DawnMemoryAllocator.#ctor">
            <summary>
            构造函数
            </summary>
        </member>
        <member name="M:DawnXZ.Tools.DawnMemoryAllocator.GlobalMemoryStatus">
            <summary> 
            Gets the Global Memory Status.... 
            </summary> 
            <returns></returns> 
        </member>
        <member name="M:DawnXZ.Tools.DawnMemoryAllocator.GetSystemInfo">
            <summary> 
            Gets the System Info... 
            </summary> 
            <returns></returns> 
        </member>
        <member name="M:DawnXZ.Tools.DawnMemoryAllocator.GetAvailableVirtual">
            <summary> 
            Get the available Virtual memory from the system. 
            </summary> 
            <returns>Memory...</returns> 
        </member>
        <member name="M:DawnXZ.Tools.DawnMemoryAllocator.GetAvailablePhysical">
            <summary> 
            Get the available Physical memory from the system. 
            </summary> 
            <returns>Memory...</returns> 
        </member>
        <member name="M:DawnXZ.Tools.DawnMemoryAllocator.GetAvailablePageFile">
            <summary> 
            Get the available Page File memory from the system. 
            </summary> 
            <returns>Memory...</returns> 
        </member>
        <member name="M:DawnXZ.Tools.DawnMemoryAllocator.GetTotalVirtual">
            <summary> 
            Get total Virtual memory from the system. 
            </summary> 
            <returns>Memory...</returns> 
        </member>
        <member name="M:DawnXZ.Tools.DawnMemoryAllocator.GetTotalPhysical">
            <summary> 
            Get total Physical memory from the system. 
            </summary> 
            <returns>Memory...</returns> 
        </member>
        <member name="M:DawnXZ.Tools.DawnMemoryAllocator.GetTotalPageFile">
            <summary> 
            Get total Page File memory from the system. 
            </summary> 
            <returns>Memory...</returns> 
        </member>
        <member name="M:DawnXZ.Tools.DawnMemoryAllocator.GetPageSize">
            <summary> 
            Get the Page size from the system. 
            </summary> 
            <returns>Memory...</returns> 
        </member>
        <member name="M:DawnXZ.Tools.DawnMemoryAllocator.SetMemoryInMegaBit(System.Int32)">
            <summary> 
            It sets Allocate memory in Megas 
            </summary> 
            <param name="iMemory">Number of Megas</param> 
            <returns>True(OK)/False(Fail)</returns> 
        </member>
        <member name="M:DawnXZ.Tools.DawnMemoryAllocator.SetMemoryInKB(System.Int32)">
            <summary> 
            It sets Allocate memory in KB, the memory has to be allocated in pages of 256KB 
            </summary> 
            <param name="iMemory">Number of KB</param> 
            <returns>True(OK)/False(Fail)</returns> 
        </member>
        <member name="M:DawnXZ.Tools.DawnMemoryAllocator.SystemMemoryDivision(System.Int32@,System.Int32@,System.Int32@)">
            <summary> 
            It gets storage, ram and page size pages. 
            </summary> 
            <param name="iStoragePages_">Storage Pages, it has to be passed by reference to get the value back</param> 
            <param name="iRamPages_">Ram Pages, it has to be passed by reference to get the value back</param> 
            <param name="iPageSizePages_">Page Size Pages, it has to be passed by reference to get the value back</param> 
            <returns></returns>
        </member>
        <member name="M:DawnXZ.Tools.DawnMemoryAllocator.SystemMemoryDivision">
            <summary>
            It gets storage, ram and page size pages. 
            </summary>
            <returns></returns>
        </member>
        <member name="M:DawnXZ.Tools.DawnMemoryAllocator.GetProcessorArchitecture">
            <summary> 
            It gets the Processor Architecture. 
            </summary> 
            <returns>Processor Architecture</returns> 
        </member>
        <member name="M:DawnXZ.Tools.DawnMemoryAllocator.GetAllocationGranularity">
            <summary> 
            It gets the Allocation Granularity with Virtual Memory is allocated. 
            </summary> 
            <returns>Processor Architecture</returns> 
        </member>
        <member name="M:DawnXZ.Tools.DawnMemoryAllocator.ReAllocateDivision">
            <summary>
            重新分配资源
            </summary>
            <returns>成功/失败</returns>
        </member>
        <member name="P:DawnXZ.Tools.DawnMemoryAllocator.AvailableVirtualMemory">
            <summary> 
            It gets available virtual memory. 
            </summary> 
        </member>
        <member name="P:DawnXZ.Tools.DawnMemoryAllocator.AvailablePhysicalMemory">
            <summary> 
            It gets available physical memory. 
            </summary> 
        </member>
        <member name="P:DawnXZ.Tools.DawnMemoryAllocator.AvailablePageFile">
            <summary> 
            It gets available page file. 
            </summary> 
        </member>
        <member name="P:DawnXZ.Tools.DawnMemoryAllocator.TotalVirtual">
            <summary> 
            It gets total virtual memory. 
            </summary> 
        </member>
        <member name="P:DawnXZ.Tools.DawnMemoryAllocator.TotalPhysical">
            <summary> 
            It gets total physical memory. 
            </summary> 
        </member>
        <member name="P:DawnXZ.Tools.DawnMemoryAllocator.TotalPageFile">
            <summary> 
            It gets total page file. 
            </summary> 
        </member>
        <member name="P:DawnXZ.Tools.DawnMemoryAllocator.PageSize">
            <summary> 
            It gets page size. 
            </summary> 
        </member>
        <member name="P:DawnXZ.Tools.DawnMemoryAllocator.MDStoragePages">
            <summary> 
            It gets Memory Division (API 32) Storage Pages. 
            </summary> 
        </member>
        <member name="P:DawnXZ.Tools.DawnMemoryAllocator.MDRamPages">
            <summary> 
            It gets Memory Division (API 32) Ram Pages. 
            </summary> 
        </member>
        <member name="P:DawnXZ.Tools.DawnMemoryAllocator.MDPageSize">
            <summary> 
            It gets Memory Division (API 32) Page Size. 
            </summary> 
        </member>
        <member name="P:DawnXZ.Tools.DawnMemoryAllocator.MemoryInUse">
            <summary> 
            It gets the memory available in Ram (return bytes). 
            </summary> 
        </member>
        <member name="P:DawnXZ.Tools.DawnMemoryAllocator.CFCardFreeSpace">
            <summary> 
            It gets the free space available in the storage card. 
            </summary> 
        </member>
        <member name="T:DawnXZ.Tools.DawnMemoryAllocator.ProcessorType">
            <summary>
            处理器类型枚举
            </summary>
        </member>
        <member name="F:DawnXZ.Tools.DawnMemoryAllocator.ProcessorType.Intel_386">
            <summary> 
            Processor is Intel 80386. 
            </summary> 
        </member>
        <member name="F:DawnXZ.Tools.DawnMemoryAllocator.ProcessorType.Intel_486">
            <summary> 
            Processor is Intel 80486. 
            </summary> 
        </member>
        <member name="F:DawnXZ.Tools.DawnMemoryAllocator.ProcessorType.Intel_Pentium">
            <summary> 
            Processor is Intel Pentium (80586). 
            </summary> 
        </member>
        <member name="F:DawnXZ.Tools.DawnMemoryAllocator.ProcessorType.Intel_PentiumII">
            <summary> 
            Processor is Intel Pentium II (80686). 
            </summary> 
        </member>
        <member name="F:DawnXZ.Tools.DawnMemoryAllocator.ProcessorType.Intel_IA64">
            <summary> 
            Processor is Intel 64bit (IA64). 
            </summary> 
        </member>
        <member name="F:DawnXZ.Tools.DawnMemoryAllocator.ProcessorType.MIPS_R4000">
            <summary> 
            Processor is MIPS R4000. 
            </summary> 
        </member>
        <member name="F:DawnXZ.Tools.DawnMemoryAllocator.ProcessorType.Alpha_21064">
            <summary> 
            Processor is Alpha 21064. 
            </summary> 
        </member>
        <member name="F:DawnXZ.Tools.DawnMemoryAllocator.ProcessorType.PPC_403">
            <summary> 
            Processor is Power PC 403. 
            </summary> 
        </member>
        <member name="F:DawnXZ.Tools.DawnMemoryAllocator.ProcessorType.PPC_601">
            <summary> 
            Processor is Power PC 601. 
            </summary> 
        </member>
        <member name="F:DawnXZ.Tools.DawnMemoryAllocator.ProcessorType.PPC_603">
            <summary> 
            Processor is Power PC 603. 
            </summary> 
        </member>
        <member name="F:DawnXZ.Tools.DawnMemoryAllocator.ProcessorType.PPC_604">
            <summary> 
            Processor is Power PC 604. 
            </summary> 
        </member>
        <member name="F:DawnXZ.Tools.DawnMemoryAllocator.ProcessorType.PPC_620">
            <summary> 
            Processor is Power PC 620. 
            </summary> 
        </member>
        <member name="F:DawnXZ.Tools.DawnMemoryAllocator.ProcessorType.Hitachi_SH3">
            <summary> 
            Processor is Hitachi SH3. 
            </summary> 
        </member>
        <member name="F:DawnXZ.Tools.DawnMemoryAllocator.ProcessorType.Hitachi_SH3E">
            <summary> 
            Processor is Hitachi SH3E. 
            </summary> 
        </member>
        <member name="F:DawnXZ.Tools.DawnMemoryAllocator.ProcessorType.Hitachi_SH4">
            <summary> 
            Processor is Hitachi SH4. 
            </summary> 
        </member>
        <member name="F:DawnXZ.Tools.DawnMemoryAllocator.ProcessorType.Motorola_821">
            <summary> 
            Processor is Motorola 821. 
            </summary> 
        </member>
        <member name="F:DawnXZ.Tools.DawnMemoryAllocator.ProcessorType.SHx_SH3">
            <summary> 
            Processor is SH3. 
            </summary> 
        </member>
        <member name="F:DawnXZ.Tools.DawnMemoryAllocator.ProcessorType.SHx_SH4">
            <summary> 
            Processor is SH4. 
            </summary> 
        </member>
        <member name="F:DawnXZ.Tools.DawnMemoryAllocator.ProcessorType.StrongARM">
            <summary> 
            Processor is StrongARM. 
            </summary> 
        </member>
        <member name="F:DawnXZ.Tools.DawnMemoryAllocator.ProcessorType.ARM720">
            <summary> 
            Processor is ARM 720. 
            </summary> 
        </member>
        <member name="F:DawnXZ.Tools.DawnMemoryAllocator.ProcessorType.ARM820">
            <summary> 
            Processor is ARM 820. 
            </summary> 
        </member>
        <member name="F:DawnXZ.Tools.DawnMemoryAllocator.ProcessorType.ARM920">
            <summary> 
            Processor is ARM 920. 
            </summary> 
        </member>
        <member name="F:DawnXZ.Tools.DawnMemoryAllocator.ProcessorType.ARM_7TDMI">
            <summary> 
            Processor is ARM 7 TDMI. 
            </summary> 
        </member>
        <member name="T:DawnXZ.Tools.DawnMemoryAllocator.ProcessorArchitecture">
            <summary>
            处理器架构枚举
            </summary>
        </member>
        <member name="F:DawnXZ.Tools.DawnMemoryAllocator.ProcessorArchitecture.Intel">
            <summary> 
            Processor is Intel x86 based. 
            </summary> 
        </member>
        <member name="F:DawnXZ.Tools.DawnMemoryAllocator.ProcessorArchitecture.MIPS">
            <summary> 
            Processor is MIPS based. 
            </summary> 
        </member>
        <member name="F:DawnXZ.Tools.DawnMemoryAllocator.ProcessorArchitecture.Alpha">
            <summary> 
            Processor is Alpha based. 
            </summary> 
        </member>
        <member name="F:DawnXZ.Tools.DawnMemoryAllocator.ProcessorArchitecture.PPC">
            <summary> 
            Processor is Power PC based. 
            </summary> 
        </member>
        <member name="F:DawnXZ.Tools.DawnMemoryAllocator.ProcessorArchitecture.SHX">
            <summary> 
            Processor is SH3, SH4 etc. 
            </summary> 
        </member>
        <member name="F:DawnXZ.Tools.DawnMemoryAllocator.ProcessorArchitecture.ARM">
            <summary> 
            Processor is ARM based. 
            </summary> 
        </member>
        <member name="F:DawnXZ.Tools.DawnMemoryAllocator.ProcessorArchitecture.IA64">
            <summary> 
            Processor is Intel 64bit. 
            </summary> 
        </member>
        <member name="F:DawnXZ.Tools.DawnMemoryAllocator.ProcessorArchitecture.Alpha64">
            <summary> 
            Processor is Alpha 64bit. 
            </summary> 
        </member>
        <member name="F:DawnXZ.Tools.DawnMemoryAllocator.ProcessorArchitecture.Unknown">
            <summary> 
            Unknown processor architecture. 
            </summary> 
        </member>
        <member name="T:DawnXZ.Tools.DawnMemoryAllocator.MemoryStatus">
            <summary>
            内存状态
            </summary>
        </member>
        <member name="F:DawnXZ.Tools.DawnMemoryAllocator.MemoryStatus.dwLength">
            <summary>
            dwLength
            </summary>
        </member>
        <member name="F:DawnXZ.Tools.DawnMemoryAllocator.MemoryStatus.MemoryLoad">
            <summary> 
            Specifies a number between 0 and 100 that gives a general idea of current memory utilization, in which 0 indicates no memory use and 100 indicates full memory use. 
            </summary> 
        </member>
        <member name="F:DawnXZ.Tools.DawnMemoryAllocator.MemoryStatus.TotalPhysical">
            <summary> 
            Indicates the total number of bytes of physical memory. 
            </summary> 
        </member>
        <member name="F:DawnXZ.Tools.DawnMemoryAllocator.MemoryStatus.AvailablePhysical">
            <summary> 
            Indicates the number of bytes of physical memory available. 
            </summary> 
        </member>
        <member name="F:DawnXZ.Tools.DawnMemoryAllocator.MemoryStatus.TotalPageFile">
            <summary> 
            Indicates the total number of bytes that can be stored in the paging file. Note that this number does not represent the actual physical size of the paging file on disk. 
            </summary> 
        </member>
        <member name="F:DawnXZ.Tools.DawnMemoryAllocator.MemoryStatus.AvailablePageFile">
            <summary> 
            Indicates the number of bytes available in the paging file. 
            </summary> 
        </member>
        <member name="F:DawnXZ.Tools.DawnMemoryAllocator.MemoryStatus.TotalVirtual">
            <summary> 
            Indicates the total number of bytes that can be described in the user mode portion of the virtual address space of the calling process. 
            </summary> 
        </member>
        <member name="F:DawnXZ.Tools.DawnMemoryAllocator.MemoryStatus.AvailableVirtual">
            <summary> 
            Indicates the number of bytes of unreserved and uncommitted memory in the user mode portion of the virtual address space of the calling process. 
            </summary> 
        </member>
        <member name="T:DawnXZ.Tools.DawnMemoryAllocator.SystemInfo">
            <summary>
            系统信息
            </summary>
        </member>
        <member name="F:DawnXZ.Tools.DawnMemoryAllocator.SystemInfo.ProcessorArchitecture">
            <summary> 
            The system's processor architecture. 
            </summary> 
        </member>
        <member name="F:DawnXZ.Tools.DawnMemoryAllocator.SystemInfo.wReserved">
            <summary>
            保留的
            </summary>
        </member>
        <member name="F:DawnXZ.Tools.DawnMemoryAllocator.SystemInfo.PageSize">
            <summary> 
            The page size and the granularity of page protection and commitment. 
            </summary> 
        </member>
        <member name="F:DawnXZ.Tools.DawnMemoryAllocator.SystemInfo.MinimumApplicationAddress">
            <summary> 
            Pointer to the lowest memory address accessible to applications and dynamic-link libraries (DLLs).  
            </summary> 
        </member>
        <member name="F:DawnXZ.Tools.DawnMemoryAllocator.SystemInfo.MaximumApplicationAddress">
            <summary> 
            Pointer to the highest memory address accessible to applications and DLLs. 
            </summary> 
        </member>
        <member name="F:DawnXZ.Tools.DawnMemoryAllocator.SystemInfo.ActiveProcessorMask">
            <summary> 
            Specifies a mask representing the set of processors configured into the system. Bit 0 is processor 0; bit 31 is processor 31.  
            </summary> 
        </member>
        <member name="F:DawnXZ.Tools.DawnMemoryAllocator.SystemInfo.NumberOfProcessors">
            <summary> 
            Specifies the number of processors in the system. 
            </summary> 
        </member>
        <member name="F:DawnXZ.Tools.DawnMemoryAllocator.SystemInfo.ProcessorType">
            <summary> 
            Specifies the type of processor in the system. 
            </summary> 
        </member>
        <member name="F:DawnXZ.Tools.DawnMemoryAllocator.SystemInfo.AllocationGranularity">
            <summary> 
            Specifies the granularity with which virtual memory is allocated. 
            </summary> 
        </member>
        <member name="F:DawnXZ.Tools.DawnMemoryAllocator.SystemInfo.ProcessorLevel">
            <summary> 
            Specifies the system抯 architecture-dependent processor level. 
            </summary> 
        </member>
        <member name="F:DawnXZ.Tools.DawnMemoryAllocator.SystemInfo.ProcessorRevision">
            <summary> 
            Specifies an architecture-dependent processor revision. 
            </summary> 
        </member>
        <member name="T:DawnXZ.Tools.DawnDESEncrypt">
            <summary>
            加 / 解 密类
            </summary>
        </member>
        <member name="M:DawnXZ.Tools.DawnDESEncrypt.Encrypt(System.String)">
            <summary>
            加密
            </summary>
            <param name="Text">待加密字符串</param>
            <returns></returns>
        </member>
        <member name="M:DawnXZ.Tools.DawnDESEncrypt.Encrypt(System.String,System.Byte)">
            <summary>
            加密
            <remarks>
            101-109
            </remarks>
            </summary>
            <param name="Text">待加密字符串1</param>
            <param name="intFlag">待加密字符串2</param>
            <returns></returns>
        </member>
        <member name="M:DawnXZ.Tools.DawnDESEncrypt.EncryptUrl(System.String)">
            <summary>
            加密 URL 专用
            </summary>
            <param name="Text">待加密字符串</param>
            <returns></returns>
        </member>
        <member name="M:DawnXZ.Tools.DawnDESEncrypt.Encrypt(System.String,System.String)">
            <summary> 
            加密数据 
            </summary> 
            <param name="Text">待加密字符串</param> 
            <param name="sKey">加密密钥</param> 
            <returns></returns> 
        </member>
        <member name="M:DawnXZ.Tools.DawnDESEncrypt.Decrypt(System.String)">
            <summary>
            解密
            </summary>
            <param name="Text">待解密字符串</param>
            <returns></returns>
        </member>
        <member name="M:DawnXZ.Tools.DawnDESEncrypt.Decrypt(System.String,System.Byte)">
            <summary>
            解密
            <remarks>
            101-109
            </remarks>
            </summary>
            <param name="Text">待解密字符串1</param>
            <param name="intFlag">待解密字符串2</param>
            <returns></returns>
        </member>
        <member name="M:DawnXZ.Tools.DawnDESEncrypt.DecryptUrl(System.String)">
            <summary>
            解密 URL 专用
            </summary>
            <param name="Text">待解密字符串</param>
            <returns></returns>
        </member>
        <member name="M:DawnXZ.Tools.DawnDESEncrypt.Decrypt(System.Int32,System.String)">
            <summary>
            解密字符串并将多余显示为 * 号
            </summary>
            <param name="show">显示位数</param>
            <param name="Text">待解密字符串</param>
            <returns></returns>
        </member>
        <member name="M:DawnXZ.Tools.DawnDESEncrypt.Decrypt(System.String,System.String)">
            <summary> 
            解密数据 
            </summary> 
            <param name="Text">待解密字符串</param> 
            <param name="sKey">解密密钥</param> 
            <returns></returns> 
        </member>
        <member name="M:DawnXZ.Tools.DawnDESEncrypt.fileEncryptData(System.String,System.String,System.Byte[],System.Byte[])">
            <summary>
            加密文件
            </summary>
            <param name="inName">输入文件名</param>
            <param name="outName">输出文件名</param>
            <param name="desKey">加密Key</param>
            <param name="desIV">加密IV</param>
        </member>
        <member name="M:DawnXZ.Tools.DawnDESEncrypt.fileDecryptData(System.String,System.String,System.Byte[],System.Byte[])">
            <summary>
            解密文件
            </summary>
            <param name="inName">输入文件名</param>
            <param name="outName">输出文件名</param>
            <param name="desKey">加密Key</param>
            <param name="desIV">加密IV</param>
        </member>
        <member name="M:DawnXZ.Tools.DawnDESEncrypt.MD5(System.String,System.Boolean)">
            <summary>
            MD5函数
            </summary>
            <param name="str">原始字符串</param>
            <param name="isUpper">是否大写形式</param>
            <returns>MD5结果</returns>
        </member>
        <member name="T:DawnXZ.Tools.DawnAES">
            <summary> 
            加密 AES 方式
            </summary> 
        </member>
        <member name="M:DawnXZ.Tools.DawnAES.Encode(System.String,System.String)">
            <summary>
            AES 加密字符串
            </summary>
            <param name="encryptString">待加密的字符串</param>
            <param name="encryptKey">加密密钥,要求为8位</param>
            <returns>加密成功返回加密后的字符串,失败返回源串</returns>
        </member>
        <member name="M:DawnXZ.Tools.DawnAES.Decode(System.String,System.String)">
            <summary>
            AES 解密字符串
            </summary>
            <param name="decryptString">待解密的字符串</param>
            <param name="decryptKey">解密密钥,要求为8位</param>
            <returns>解密成功返回解密后的字符串,失败返回 null</returns>
        </member>
        <member name="T:DawnXZ.Tools.DawnDES">
            <summary> 
            加密 DES 方式
            </summary> 
        </member>
        <member name="M:DawnXZ.Tools.DawnDES.Encode(System.String,System.String)">
            <summary>
            DES 加密字符串
            </summary>
            <param name="encryptString">待加密的字符串</param>
            <param name="encryptKey">加密密钥,要求为8位</param>
            <returns>加密成功返回加密后的字符串,失败返回源串</returns>
        </member>
        <member name="M:DawnXZ.Tools.DawnDES.Decode(System.String,System.String)">
            <summary>
            DES 解密字符串
            </summary>
            <param name="decryptString">待解密的字符串</param>
            <param name="decryptKey">解密密钥,要求为8位,和加密密钥相同</param>
            <returns>解密成功返回解密后的字符串,失败返 null</returns>
        </member>
        <member name="T:DawnXZ.Tools.DawnLogHelper">
            <summary>
            日志记录器
            </summary>
        </member>
        <member name="M:DawnXZ.Tools.DawnLogHelper.#ctor">
            <summary>
            构造函数
            <para>存放于程序目录下的logs文件夹</para>
            </summary>
        </member>
        <member name="M:DawnXZ.Tools.DawnLogHelper.Write(System.String)">
            <summary>
            记录系统日志
            </summary>
            <param name="msg">日志消息正文</param>
        </member>
        <member name="M:DawnXZ.Tools.DawnLogHelper.Write(System.String,System.String)">
            <summary>
            记录系统日志
            </summary>
            <param name="type">日志消息类型</param>
            <param name="msg">日志消息正文</param>
        </member>
        <member name="M:DawnXZ.Tools.DawnLogHelper.Write(System.Exception)">
            <summary>
            记录系统日志
            </summary>
            <param name="ex">错误消息对象</param>
        </member>
        <member name="M:DawnXZ.Tools.DawnLogHelper.Write(System.String,System.Exception)">
            <summary>
            记录系统日志
            </summary>
            <param name="type">日志消息类型</param>
            <param name="ex">错误消息对象</param>
        </member>
        <member name="M:DawnXZ.Tools.DawnLogHelper.WriteMsg(System.String,System.String)">
            <summary>
            写日志文件
            </summary>
            <param name="type">日志消息类型</param>
            <param name="msg">日志消息正文</param>
        </member>
        <member name="M:DawnXZ.Tools.DawnLogHelper.WriteFile(System.String,System.String)">
            <summary>
            写日志文件
            </summary>
            <param name="fileName">文件绝对路径</param>
            <param name="msg">日志消息正文</param>
        </member>
        <member name="T:DawnXZ.Tools.DawnSystems">
            <summary>
            WinCE 系统相关操作
            </summary>
        </member>
        <member name="M:DawnXZ.Tools.DawnSystems.KernelIoControl(System.Int32,System.IntPtr,System.Int32,System.IntPtr,System.Int32,System.Int32@)">
            <summary>
            Restart WinCE
            </summary>
            <param name="dwIoControlCode"></param>
            <param name="lpInBuf"></param>
            <param name="nInBufSize"></param>
            <param name="lpOutBuf"></param>
            <param name="nOutBufSize"></param>
            <param name="lpBytesReturned"></param>
            <returns></returns>
        </member>
        <member name="M:DawnXZ.Tools.DawnSystems.SetCleanRebootFlag">
            <summary>
            Restart WinCE
            </summary>
        </member>
        <member name="M:DawnXZ.Tools.DawnSystems.RestartWinCE">
            <summary>
            Restart WinCE
            </summary>
        </member>
        <member name="T:DawnXZ.Tools.DawnStringRelated">
            <summary>
            字符串相关操作类
            </summary>
        </member>
        <member name="F:DawnXZ.Tools.DawnStringRelated.RegexBr">
            <summary>
            回车、换行符
            </summary>
        </member>
        <member name="M:DawnXZ.Tools.DawnStringRelated.GetStringLength(System.String)">
            <summary>
            返回字符串真实长度, 1个汉字长度为2
            </summary>
            <returns></returns>
        </member>
        <member name="M:DawnXZ.Tools.DawnStringRelated.ClearLastChar(System.String)">
            <summary>
            删除最后一个字符
            </summary>
            <param name="strValue">清理的字符串</param>
            <returns></returns>
        </member>
        <member name="M:DawnXZ.Tools.DawnStringRelated.GetOccurrenceNumber(System.String,System.String)">
            <summary>
            查找一个字符串在另一个字符串中出现的次数
            </summary>
            <param name="strSource">源数据</param>
            <param name="strFind">查找数据</param>
            <returns>出现次数，默认为 0</returns>
        </member>
        <member name="M:DawnXZ.Tools.DawnStringRelated.IsCompriseStr(System.String,System.String,System.String)">
            <summary>
            检测字符串中是否存在指定的字符串
            </summary>
            <param name="str">要查找的字符串</param>
            <param name="stringarray">原字符串</param>
            <param name="strsplit">分隔标记</param>
            <returns>存在 / 不存在</returns>
        </member>
        <member name="M:DawnXZ.Tools.DawnStringRelated.GetInArrayID(System.String,System.String[],System.Boolean)">
            <summary>
            判断指定字符串在指定字符串数组中的位置
            </summary>
            <param name="strSearch">字符串</param>
            <param name="stringArray">字符串数组</param>
            <param name="caseInsensetive">是否不区分大小写, true为不区分, false为区分</param>
            <returns>字符串在指定字符串数组中的位置, 如不存在则返回-1</returns>
        </member>
        <member name="M:DawnXZ.Tools.DawnStringRelated.GetInArrayID(System.String,System.String[])">
            <summary>
            判断指定字符串在指定字符串数组中的位置
            </summary>
            <param name="strSearch">字符串</param>
            <param name="stringArray">字符串数组</param>
            <returns>字符串在指定字符串数组中的位置, 如不存在则返回-1</returns>		
        </member>
        <member name="M:DawnXZ.Tools.DawnStringRelated.InArray(System.String,System.String[],System.Boolean)">
            <summary>
            判断指定字符串是否属于指定字符串数组中的一个元素
            </summary>
            <param name="strSearch">字符串</param>
            <param name="stringArray">字符串数组</param>
            <param name="caseInsensetive">是否不区分大小写, true为不区分, false为区分</param>
            <returns>判断结果</returns>
        </member>
        <member name="M:DawnXZ.Tools.DawnStringRelated.InArray(System.String,System.String[])">
            <summary>
            判断指定字符串是否属于指定字符串数组中的一个元素
            </summary>
            <param name="str">字符串</param>
            <param name="stringarray">字符串数组</param>
            <returns>判断结果</returns>
        </member>
        <member name="M:DawnXZ.Tools.DawnStringRelated.InArray(System.String,System.String)">
            <summary>
            判断指定字符串是否属于指定字符串数组中的一个元素
            </summary>
            <param name="str">字符串</param>
            <param name="stringarray">内部以逗号分割单词的字符串</param>
            <returns>判断结果</returns>
        </member>
        <member name="M:DawnXZ.Tools.DawnStringRelated.InArray(System.String,System.String,System.String)">
            <summary>
            判断指定字符串是否属于指定字符串数组中的一个元素
            </summary>
            <param name="str">字符串</param>
            <param name="stringarray">内部以逗号分割单词的字符串</param>
            <param name="strsplit">分割字符串</param>
            <returns>判断结果</returns>
        </member>
        <member name="M:DawnXZ.Tools.DawnStringRelated.InArray(System.String,System.String,System.String,System.Boolean)">
            <summary>
            判断指定字符串是否属于指定字符串数组中的一个元素
            </summary>
            <param name="str">字符串</param>
            <param name="stringarray">内部以逗号分割单词的字符串</param>
            <param name="strsplit">分割字符串</param>
            <param name="caseInsensetive">是否不区分大小写, true为不区分, false为区分</param>
            <returns>判断结果</returns>
        </member>
        <member name="M:DawnXZ.Tools.DawnStringRelated.GetNumber(System.String)">
            <summary>
            获取字符串中的数字
            </summary>
            <param name="strString">字符串</param>
            <returns></returns>
        </member>
        <member name="M:DawnXZ.Tools.DawnStringRelated.GetChinese(System.String)">
            <summary>
            获取字符串中的汉字
            </summary>
            <param name="strString">字符串</param>
            <returns></returns>
        </member>
        <member name="M:DawnXZ.Tools.DawnStringRelated.GetSpellOfAll(System.String)">
            <summary>
            获取汉字第一个拼音
            所有汉字
            </summary>
            <param name="strChinese">汉字</param>
            <returns></returns>
        </member>
        <member name="M:DawnXZ.Tools.DawnStringRelated.GetSpellOfFirst(System.String)">
            <summary>
            获取汉字第一个拼音
            仅第一个
            </summary>
            <param name="strChinese">汉字</param>
            <returns></returns>
        </member>
        <member name="M:DawnXZ.Tools.DawnStringRelated.RTrim(System.String)">
            <summary>
            删除字符串尾部的回车/换行/空格
            </summary>
            <param name="str"></param>
            <returns></returns>
        </member>
        <member name="M:DawnXZ.Tools.DawnStringRelated.ClearBR(System.String)">
            <summary>
            清除给定字符串中的回车及换行符
            </summary>
            <param name="str">要清除的字符串</param>
            <returns>清除后返回的字符串</returns>
        </member>
        <member name="M:DawnXZ.Tools.DawnStringRelated.SplitString(System.String,System.String)">
            <summary>
            分割字符串
            </summary>
            <param name="strContent">要分割的字符串</param>
            <param name="strSplit">分割标识</param>
            <returns>字符串数组</returns>
        </member>
        <member name="M:DawnXZ.Tools.DawnStringRelated.SplitString(System.String,System.String,System.Int32)">
            <summary>
            分割字符串
            </summary>
            <param name="strContent">要分割的字符串</param>
            <param name="strSplit">分割标识</param>
            <param name="count">数组大小</param>
            <returns>字符串数组</returns>
        </member>
        <member name="M:DawnXZ.Tools.DawnStringRelated.SplitString(System.String,System.String,System.Boolean)">
            <summary>
            分割字符串
            </summary>
            <param name="strContent">被分割的字符串</param>
            <param name="strSplit">分割符</param>
            <param name="ignoreRepeatItem">忽略重复项</param>
            <returns></returns>
        </member>
        <member name="M:DawnXZ.Tools.DawnStringRelated.SplitString(System.String,System.String,System.Boolean,System.Int32)">
            <summary>
            分割字符串
            </summary>
            <param name="strContent">被分割的字符串</param>
            <param name="strSplit">分割符</param>
            <param name="ignoreRepeatItem">忽略重复项</param>
            <param name="maxElementLength">单个元素最大长度</param>
            <returns>字符串数组</returns>
        </member>
        <member name="M:DawnXZ.Tools.DawnStringRelated.SplitString(System.String,System.String,System.Boolean,System.Int32,System.Int32)">
            <summary>
            分割字符串
            </summary>
            <param name="strContent">被分割的字符串</param>
            <param name="strSplit">分割符</param>
            <param name="ignoreRepeatItem">忽略重复项</param>
            <param name="minElementLength">单个元素最小长度</param>
            <param name="maxElementLength">单个元素最大长度</param>
            <returns>字符串数组</returns>
        </member>
        <member name="M:DawnXZ.Tools.DawnStringRelated.ReplaceString(System.String,System.String,System.String,System.Boolean)">
            <summary>
            自定义的替换字符串函数
            </summary>
            <param name="SourceString">源字符串</param>
            <param name="SearchString">要查找的值</param>
            <param name="ReplaceString">替换字符串</param>
            <param name="IsCaseInsensetive">是否忽略大小写</param>
            <returns>字符串</returns>
        </member>
        <member name="M:DawnXZ.Tools.DawnStringRelated.DistinctStringArray(System.String[])">
            <summary>
            清除字符串数组中的重复项
            </summary>
            <param name="strArray">字符串数组</param>
            <returns>字符串数组</returns>
        </member>
        <member name="M:DawnXZ.Tools.DawnStringRelated.DistinctStringArray(System.String[],System.Int32)">
            <summary>
            清除字符串数组中的重复项
            </summary>
            <param name="strArray">字符串数组</param>
            <param name="maxElementLength">字符串数组中单个元素的最大长度</param>
            <returns>字符串数组</returns>
        </member>
        <member name="M:DawnXZ.Tools.DawnStringRelated.PadStringArray(System.String[],System.Int32,System.Int32)">
            <summary>
            过滤字符串数组中每个元素为合适的大小
            当长度小于minLength时，忽略掉,-1为不限制最小长度
            当长度大于maxLength时，取其前maxLength位
            如果数组中有null元素，会被忽略掉
            </summary>
            <param name="strArray">原始数组</param>
            <param name="minLength">单个元素最小长度</param>
            <param name="maxLength">单个元素最大长度</param>
            <returns>字符串数组</returns>
        </member>
        <member name="M:DawnXZ.Tools.DawnStringRelated.InterceptGetSubString(System.String,System.Int32,System.String)">
            <summary>
            字符串如果操过指定长度则将超出的部分用指定字符串代替
            </summary>
            <param name="p_SrcString">要检查的字符串</param>
            <param name="p_Length">指定长度</param>
            <param name="p_TailString">用于替换的字符串</param>
            <returns>截取后的字符串</returns>
        </member>
        <member name="M:DawnXZ.Tools.DawnStringRelated.InterceptGetSubString(System.String,System.Int32,System.Int32,System.String)">
            <summary>
            取指定长度的字符串超出的部分用指定字符串代替
            </summary>
            <param name="p_SrcString">要检查的字符串</param>
            <param name="p_StartIndex">起始位置</param>
            <param name="p_Length">指定长度</param>
            <param name="p_TailString">用于替换的字符串</param>
            <returns>截取后的字符串</returns>
        </member>
        <member name="M:DawnXZ.Tools.DawnStringRelated.GetUnicodeSubString(System.String,System.Int32,System.String)">
            <summary>
            取指定长度的字符串超出的部分用指定字符串代替
            Unicode 字符集
            </summary>
            <param name="str">要检查的字符串</param>
            <param name="len">指定长度</param>
            <param name="p_TailString">用于替换的字符串</param>
            <returns>截取后的 Unicode 字符串</returns>
        </member>
        <member name="M:DawnXZ.Tools.DawnStringRelated.InterceptCutString(System.String,System.Int32)">
            <summary>
            从字符串的指定位置开始截取到字符串的结尾
            </summary>
            <param name="strValue">原字符串</param>
            <param name="startIndex">子字符串的起始位置</param>
            <returns>子字符串</returns>
        </member>
        <member name="M:DawnXZ.Tools.DawnStringRelated.InterceptCutString(System.String,System.Int32,System.Int32)">
            <summary>
            从字符串的指定位置截取指定长度的子字符串
            </summary>
            <param name="strValue">原字符串</param>
            <param name="startIndex">子字符串的起始位置</param>
            <param name="length">子字符串的长度</param>
            <returns>子字符串</returns>
        </member>
        <member name="M:DawnXZ.Tools.DawnStringRelated.PasswordEquals(System.Byte[],System.Byte[])">
            <summary>
            比较两个字节数组是否相等
            </summary>
            <param name="b1">byte数组1</param>
            <param name="b2">byte数组2</param>
            <returns>是否相等</returns>
        </member>
        <member name="T:DawnXZ.Tools.DawnValidator">
            <summary>
            事务验证中心
            </summary>
        </member>
        <member name="M:DawnXZ.Tools.DawnValidator.IsEmail(System.String)">
            <summary>
            判断字符串是否符合Email格式
            </summary>
            <param name="strVerify">需要验证的字符串</param>
            <returns>True/False，符合/不符合</returns>
        </member>
        <member name="M:DawnXZ.Tools.DawnValidator.IsEmailValid(System.String)">
            <summary>
            判断字符串是否符合Email格式
            </summary>
            <param name="strVerify">需要验证的字符串</param>
            <returns>True/False，符合/不符合</returns>
        </member>
        <member name="M:DawnXZ.Tools.DawnValidator.ChsIsTname(System.String)">
            <summary>
            判断字符串是否为真实姓名
            <para>不低于2个汉字且不大于4个汉字</para>
            </summary>
            <param name="strVerify">需要验证的字符串</param>
            <returns>True/False，是/否</returns>
        </member>
        <member name="M:DawnXZ.Tools.DawnValidator.ChsIsChinese(System.String)">
            <summary>
            判断字符串是否由中文组成
            </summary>
            <param name="strVerify">需要验证的字符串</param>
            <returns>True/False，是/否</returns>
        </member>
        <member name="M:DawnXZ.Tools.DawnValidator.ChsIsChineseOrEngOrNum(System.String)">
            <summary>
            判断字符串是否由中文、英文、数字组成
            </summary>
            <param name="strVerify">需要验证的字符串</param>
            <returns>True/False，是/否</returns>
        </member>
        <member name="M:DawnXZ.Tools.DawnValidator.ChsIsChineseOrEngOrNums(System.String)">
            <summary>
            判断字符串是否由中文、英文、数字组成
            <para>中文或英文开头</para>
            </summary>
            <param name="strVerify">需要验证的字符串</param>
            <returns>True/False，是/否</returns>
        </member>
        <member name="M:DawnXZ.Tools.DawnValidator.ChsIsText(System.String)">
            <summary>
            判断字符串是否由中文、字母、数字组成
            <para>可含标点符号()[]（）</para>
            </summary>
            <param name="strVerify">需要验证的字符串</param>
            <returns>True/False，是/否</returns>
        </member>
        <member name="M:DawnXZ.Tools.DawnValidator.ChsIsTexts(System.String)">
            <summary>
            判断字符串是否由中文、字母、数字组成
            <para>可含标点符号()[]（）</para>
            <para>中文或英文开头</para>
            </summary>
            <param name="strVerify">需要验证的字符串</param>
            <returns>True/False，是/否</returns>
        </member>
        <member name="M:DawnXZ.Tools.DawnValidator.ChsIsMemo(System.String)">
            <summary>
            判断字符串是否由中文、字母、数字组成
            <para>可含标点符号()[]（）：:、，,。.；;！!……</para>
            <para>含换行符及回车符</para>
            </summary>
            <param name="strVerify">需要验证的字符串</param>
            <returns>True/False，是/否</returns>
        </member>
        <member name="M:DawnXZ.Tools.DawnValidator.ChsIsMemos(System.String)">
            <summary>
            判断字符串是否由中文、字母、数字组成
            <para>可含标点符号()[]（）：:、，,。.；;！!……</para>
            <para>含换行符及回车符</para>
            <para>中文或英文开头</para>
            </summary>
            <param name="strVerify">需要验证的字符串</param>
            <returns>True/False，是/否</returns>
        </member>
        <member name="M:DawnXZ.Tools.DawnValidator.ChsToDBC(System.String)">
            <summary>
            全角转半角的函数(DBC case)
            </summary>
            <param name="strChange">需要转换的字符串</param>
            <returns>半角字符串</returns>
            <remarks>
            全角空格为12288，半角空格为32
            其他字符半角(33-126)与全角(65281-65374)的对应关系是：均相差65248
            </remarks>
        </member>
        <member name="M:DawnXZ.Tools.DawnValidator.EngIsPassword(System.String)">
            <summary>
            判断字符串是否符合密码规范
            <para>任意字符</para>
            <para>长度：6-16 [区分大小写]</para>
            <para>英文开头</para>
            </summary>
            <param name="strVerify">需要验证的字符串</param>
            <returns>True/False，是/否</returns>
        </member>
        <member name="M:DawnXZ.Tools.DawnValidator.EngIsPasswords(System.String)">
            <summary>
            判断字符串是否符合密码规范
            <para>由英文和数字及下划线组成</para>
            <para>长度：6-16 [区分大小写]</para>
            <para>英文开头</para>
            </summary>
            <param name="strVerify">需要验证的字符串</param>
            <returns>True/False，是/否</returns>
        </member>
        <member name="M:DawnXZ.Tools.DawnValidator.EngIsRegister(System.String)">
            <summary>
            判断字符串是否由英文和数字组成
            <para>用于检测注册帐号是否符合规范用</para>
            <para>长度：4-8 [不区分大小写]</para>
            <para>英文开头</para>
            </summary>
            <param name="strVerify">需要验证的字符串</param>
            <returns>True/False，是/否</returns>
        </member>
        <member name="M:DawnXZ.Tools.DawnValidator.EngIsRegisters(System.String)">
            <summary>
            判断字符串是否由英文和数字组成
            <para>用于检测注册帐号是否符合规范用</para>
            <para>长度：4-16 [不区分大小写]</para>
            <para>英文开头</para>
            </summary>
            <param name="strVerify">需要验证的字符串</param>
            <returns>True/False，是/否</returns>
        </member>
        <member name="M:DawnXZ.Tools.DawnValidator.EngIsEnglish(System.String)">
            <summary>
            判断字符串是否由26个英文字母组成
            <para>不区分大小写</para>
            </summary>
            <param name="strVerify">需要验证的字符串</param>
            <returns>True/False，是/否</returns>
        </member>
        <member name="M:DawnXZ.Tools.DawnValidator.EngIsUppercase(System.String)">
            <summary>
            判断字符串是否由26个英文字母组成
            <para>大写</para>
            </summary>
            <param name="strVerify">需要验证的字符串</param>
            <returns>True/False，是/否</returns>
        </member>
        <member name="M:DawnXZ.Tools.DawnValidator.EngIsLowercase(System.String)">
            <summary>
            判断字符串是否由26个英文字母组成
            <para>小写</para>
            </summary>
            <param name="strVerify">需要验证的字符串</param>
            <returns>True/False，是/否</returns>
        </member>
        <member name="M:DawnXZ.Tools.DawnValidator.EngIsEngAndNum(System.String)">
            <summary>
            判断字符串是否由26个英文和数字组成
            </summary>
            <param name="strVerify">需要验证的字符串</param>
            <returns>True/False，是/否</returns>
        </member>
        <member name="M:DawnXZ.Tools.DawnValidator.EngIsEngAndNums(System.String)">
            <summary>
            判断字符串是否由26个英文和数字组成
            <para>英文开头</para>
            </summary>
            <param name="strVerify">需要验证的字符串</param>
            <returns>True/False，是/否</returns>
        </member>
        <member name="M:DawnXZ.Tools.DawnValidator.EngIsEngAndNumComma(System.String)">
            <summary>
            判断字符串是否由26个英文、数字及逗号组成
            <para>英文开头</para>
            </summary>
            <param name="strVerify">需要验证的字符串</param>
            <returns>True/False，是/否</returns>
        </member>
        <member name="M:DawnXZ.Tools.DawnValidator.EngIsEngAndNumOrUnderline(System.String)">
            <summary>
            判断字符串是否由26个英文和数字及下划线组成
            </summary>
            <param name="strVerify">需要验证的字符串</param>
            <returns>True/False，是/否</returns>
        </member>
        <member name="M:DawnXZ.Tools.DawnValidator.NumIsByteTinyint(System.Object)">
            <summary>
            判断对象是否为0-255数据
            </summary>
            <param name="objVerify">需要验证的对象</param>
            <returns>True/False，是/否</returns>
        </member>
        <member name="M:DawnXZ.Tools.DawnValidator.NumIsInteger(System.Object)">
            <summary>
            判断对象是否由数字组成
            </summary>
            <param name="objVerify">需要验证的对象</param>
            <returns>True/False，是/否</returns>
        </member>
        <member name="M:DawnXZ.Tools.DawnValidator.NumIsZeroOrNot(System.Object)">
            <summary>
            判断对象是否为零和非零开头的数字
            </summary>
            <param name="objVerify">需要验证的对象</param>
            <returns>True/False，是/否</returns>
        </member>
        <member name="M:DawnXZ.Tools.DawnValidator.NumIsPlus2Point(System.Object)">
            <summary>
            判断对象是否为2位小数的正实数
            </summary>
            <param name="objVerify">需要验证的对象</param>
            <returns>True/False，是/否</returns>
        </member>
        <member name="M:DawnXZ.Tools.DawnValidator.NumIsPlus3Point(System.Object)">
            <summary>
            判断对象是否为1至3位小数的正实数
            </summary>
            <param name="objVerify">需要验证的对象</param>
            <returns>True/False，是/否</returns>
        </member>
        <member name="M:DawnXZ.Tools.DawnValidator.NumIsIntegralBySignless(System.Object)">
            <summary>
            判断对象是否为非零的正整数
            </summary>
            <param name="objVerify">需要验证的对象</param>
            <returns>True/False，是/否</returns>
        </member>
        <member name="M:DawnXZ.Tools.DawnValidator.NumIsIntegralByNegative(System.Object)">
            <summary>
            判断对象是否为非零的负整数
            </summary>
            <param name="objVerify">需要验证的对象</param>
            <returns>True/False，是/否</returns>
        </member>
        <member name="M:DawnXZ.Tools.DawnValidator.NumIsFloatBySignless(System.Object)">
            <summary>
            判断对象是否为正浮点数
            </summary>
            <param name="objVerify">需要验证的对象</param>
            <returns>True/False，是/否</returns>
        </member>
        <member name="M:DawnXZ.Tools.DawnValidator.NumIsFloatByNegative(System.Object)">
            <summary>
            判断对象是否为负浮点数
            </summary>
            <param name="objVerify">需要验证的对象</param>
            <returns>True/False，是/否</returns>
        </member>
        <member name="M:DawnXZ.Tools.DawnValidator.NumIsNumeric(System.Object)">
            <summary>
            判断对象是否为Int32类型
            </summary>
            <param name="objVerify">需要验证的对象</param>
            <returns>True/False，是/否</returns>
        </member>
        <member name="M:DawnXZ.Tools.DawnValidator.NumIsDouble(System.Object)">
            <summary>
            判断对象是否为Double类型
            </summary>
            <param name="objVerify">需要验证的对象</param>
            <returns>True/False，是/否</returns>
        </member>
        <member name="M:DawnXZ.Tools.DawnValidator.NumIsDoubles(System.Object)">
            <summary>
            判断对象是否为Double类型
            <para>包含正负号</para>
            </summary>
            <param name="objVerify">需要验证的对象</param>
            <returns>True/False，是/否</returns>
        </member>
        <member name="M:DawnXZ.Tools.DawnValidator.NumIsNumericArray(System.String[])">
            <summary>
            判断字符串数组的值是否全为Int32类型
            </summary>
            <param name="strVerify">需要验证的字符串数组</param>
            <returns>True/False，是/否</returns>
        </member>
        <member name="M:DawnXZ.Tools.DawnValidator.NumIsNumericList(System.String)">
            <summary>
            判断字符串是否为Int32类型
            <remarks>
            字符串分割符默认为半角逗号[,]
            </remarks>
            </summary>
            <param name="strVerify">需要验证的字符串</param>
            <returns>True/False，是/否</returns>
        </member>
        <member name="M:DawnXZ.Tools.DawnValidator.NumIsNumericList(System.String,System.Char)">
            <summary>
            判断字符串是否为Int32类型
            </summary>
            <param name="strVerify">需要验证的字符串</param>
            <param name="flgSplit">字符串分割符</param>
            <returns>True/False，是/否</returns>
        </member>
        <member name="M:DawnXZ.Tools.DawnValidator.TelIsPhone(System.String)">
            <summary>
            判断字符串是否符合电话号码格式
            <para>包含电话号码与手机号码共同验证</para>
            </summary>
            <param name="strVerify">需要验证的字符串</param>
            <returns>True/False，符合/不符合</returns>
        </member>
        <member name="M:DawnXZ.Tools.DawnValidator.TelIsTelephone(System.String)">
            <summary>
            判断字符串是否符合电话号码格式
            <para>
            座机号码，格式：010-12345678、020-1234567、0755-1234567、0755-12345678、1234567、12345678
            </para>
            </summary>
            <param name="strVerify">需要验证的字符串</param>
            <returns>True/False，符合/不符合</returns>
        </member>
        <member name="M:DawnXZ.Tools.DawnValidator.TelIsChinaMobile(System.String)">
            <summary>
            判断字符串是否符合电话号码格式
            <para>
            手机号码·中国移动【134 135 136 137 138 139 147 150 151 152 157 158 159 182 187 188】
            </para>
            </summary>
            <param name="strVerify">需要验证的字符串</param>
            <returns>True/False，符合/不符合</returns>
        </member>
        <member name="M:DawnXZ.Tools.DawnValidator.TelIsChinaUnicom(System.String)">
            <summary>
            判断字符串是否符合电话号码格式
            <para>
            手机号码·中国联通【130 131 132 145 155 156 185 186】
            </para>
            </summary>
            <param name="strVerify">需要验证的字符串</param>
            <returns>True/False，符合/不符合</returns>
        </member>
        <member name="M:DawnXZ.Tools.DawnValidator.TelIsChinaTelecom(System.String)">
            <summary>
            判断字符串是否符合电话号码格式
            <para>
            手机号码·中国电信 【133 153 180 189】
            </para>
            </summary>
            <param name="strVerify">需要验证的字符串</param>
            <returns>True/False，符合/不符合</returns>
        </member>
        <member name="M:DawnXZ.Tools.DawnValidator.IsIP(System.String)">
            <summary>
            判断字符串是否为正确的IP地址格式
            </summary>
            <param name="strVerify">需要验证的字符串</param>
            <returns>True/False，是/否</returns>
        </member>
        <member name="M:DawnXZ.Tools.DawnValidator.IsIPSect(System.String)">
            <summary>
            判断字符串是否为正确的IP地址格式
            </summary>
            <param name="strVerify">需要验证的字符串</param>
            <returns>True/False，是/否</returns>
        </member>
        <member name="M:DawnXZ.Tools.DawnValidator.IsIPOfArray(System.String,System.String[])">
            <summary>
            判断字符串是否为限定的IP地址格式
            <remarks>
            返回指定IP是否在指定的IP数组所限定的范围内, IP数组内的IP地址可以使用*表示该IP段任意, 例如192.168.1.*
            </remarks>
            </summary>
            <param name="strVerify">需要验证的字符串</param>
            <param name="limitArray">限定范围，IP数组</param>
            <returns>True/False，是/否</returns>
        </member>
        <member name="M:DawnXZ.Tools.DawnValidator.IsIDCard(System.String)">
            <summary>
            判断字符串是否符合大陆身份证规范
            </summary>
            <param name="strVerify">需要验证的字符串</param>
            <returns>True/False，是/否</returns>
        </member>
        <member name="M:DawnXZ.Tools.DawnValidator.IsIDCard18(System.String)">
            <summary>
            判断字符串是否符合大陆身份证规范
            <para>验证15位身份证号码</para>
            </summary>
            <param name="strVerify">需要验证的字符串</param>
            <returns>True/False，是/否</returns>
        </member>
        <member name="M:DawnXZ.Tools.DawnValidator.IsIDCard15(System.String)">
            <summary>
            判断字符串是否符合大陆身份证规范
            <para>验证18位身份证号码</para>
            </summary>
            <param name="strVerify">需要验证的字符串</param>
            <returns>True/False，是/否</returns>
        </member>
        <member name="M:DawnXZ.Tools.DawnValidator.IsColor(System.String)">
            <summary>
            判断字符串是否为3/6位的合法颜色值
            </summary>
            <param name="strVerify">需要验证的字符串</param>
            <returns>True/False，是/否</returns>
        </member>
        <member name="M:DawnXZ.Tools.DawnValidator.IsSqlFilter(System.String)">
            <summary>
            判断字符串是否存在用于SQL注入的关键字、数据类型、危险字符
            <remarks>
            结合四个SQL注入检测方法
            </remarks>
            </summary>
            <param name="strVerify">需要验证的字符串</param>
            <returns>True/False，存在/不存在</returns>
        </member>
        <member name="M:DawnXZ.Tools.DawnValidator.IsSqlInjectionOfKey(System.String)">
            <summary>
            判断字符串是否存在用于SQL注入的SQL关键字
            </summary>
            <param name="strVerify">需要验证的字符串</param>
            <returns>True/False，存在/不存在</returns>
        </member>
        <member name="M:DawnXZ.Tools.DawnValidator.IsSqlInjectionOfType(System.String)">
            <summary>
            判断字符串是否存在用于SQL注入的SQL数据类型
            </summary>
            <param name="strVerify">需要验证的字符串</param>
            <returns>True/False，存在/不存在</returns>
        </member>
        <member name="M:DawnXZ.Tools.DawnValidator.IsSqlInjectionOfURL(System.String)">
            <summary>
            判断字符串是否存在用于SQL注入的SQL危险字符
            <remarks>
            常用于 URL 链接检测
            </remarks>
            </summary>
            <param name="strVerify">需要验证的字符串</param>
            <returns>True/False，存在/不存在</returns>
        </member>
        <member name="M:DawnXZ.Tools.DawnValidator.IsSqlInjectionOfString(System.String)">
            <summary>
            判断字符串是否存在用于SQL注入的SQL危险字符
            </summary>
            <param name="strVerify">需要验证的字符串</param>
            <returns>True/False，存在/不存在</returns>
        </member>
        <member name="M:DawnXZ.Tools.DawnValidator.IsSafeString(System.String)">
            <summary>
            判断字符串是否存在用于链接的危险字符
            </summary>
            <param name="strVerify">需要验证的字符串</param>
            <returns>True/False，存在/不存在</returns>
        </member>
        <member name="M:DawnXZ.Tools.DawnValidator.IsURL(System.String)">
            <summary>
            判断字符串是否为正确的URL地址格式
            </summary>
            <param name="strVerify">需要验证的字符串</param>
            <returns>True/False，是/否</returns>
        </member>
        <member name="M:DawnXZ.Tools.DawnValidator.IsBase64String(System.String)">
            <summary>
            判断字符串是否为Base64字符串
            </summary>
            <param name="strVerify">需要验证的字符串</param>
            <returns>True/False，是/否</returns>
        </member>
        <member name="M:DawnXZ.Tools.DawnValidator.IsPost(System.String)">
            <summary>
            判断字符串是否符合邮政编码格式
            </summary>
            <param name="strVerify">需要验证的字符串</param>
            <returns>True/False，是/否</returns>
        </member>
        <member name="T:DawnXZ.Tools.DawnFileRelated">
            <summary>
            文件相关操作类
            </summary>
        </member>
        <member name="F:DawnXZ.Tools.DawnFileRelated.PATH_SPLIT_CHAR">
            <summary>
            路径分割符
            </summary>
        </member>
        <member name="M:DawnXZ.Tools.DawnFileRelated.FileExists(System.String)">
            <summary>
            返回文件是否存在
            </summary>
            <param name="filename">文件名</param>
            <returns>是否存在</returns>
        </member>
        <member name="M:DawnXZ.Tools.DawnFileRelated.GetFileExtName(System.String)">
            <summary>
            获取指定文件的扩展名
            </summary>
            <param name="fileName">指定文件名</param>
            <returns>扩展名</returns>
        </member>
        <member name="M:DawnXZ.Tools.DawnFileRelated.GetFileByYear">
            <summary>
            获得文件名称
            格式：年
            </summary>
            <returns>yyyyMMdd.log / yyyy-MM-dd.log</returns>
        </member>
        <member name="M:DawnXZ.Tools.DawnFileRelated.GetFileByMonth(System.Boolean)">
            <summary>
            获得文件名称
            格式：年月
            </summary>
            <param name="isHorizontal">是否启用横杆分隔</param>
            <returns>yyyyMMdd.log / yyyy-MM-dd.log</returns>
        </member>
        <member name="M:DawnXZ.Tools.DawnFileRelated.GetFileByDate(System.Boolean)">
            <summary>
            获得文件名称
            格式：年月日
            </summary>
            <param name="isHorizontal">是否启用横杆分隔</param>
            <returns>yyyyMMdd.log / yyyy-MM-dd.log</returns>
        </member>
        <member name="M:DawnXZ.Tools.DawnFileRelated.GetFileByHour(System.Boolean)">
            <summary>
            获得文件名称
            格式：年月日时
            </summary>
            <param name="isHorizontal">是否启用横杆分隔</param>
            <returns>yyyyMMdd.log / yyyy-MM-dd.log</returns>
        </member>
        <member name="M:DawnXZ.Tools.DawnFileRelated.GetFileByDatetime(System.Boolean)">
            <summary>
            获得文件名称
            格式：年月日时分秒
            </summary>
            <param name="isHorizontal">是否启用横杆分隔</param>
            <returns>yyyyMMddHHmmss.log / yyyy-MM-dd-HHmmss.log</returns>
        </member>
        <member name="M:DawnXZ.Tools.DawnFileRelated.GetFileByALL(System.Boolean)">
            <summary>
            获得文件名称
            格式：年月日时分秒毫秒
            </summary>
            <param name="isHorizontal">是否启用横杆分隔</param>
            <returns>yyyyMMddHHmmssfff.log / yyyy-MM-dd-HHmmssfff.log</returns>
        </member>
        <member name="M:DawnXZ.Tools.DawnFileRelated.BackupFile(System.String,System.String)">
            <summary>
            备份文件,当目标文件存在时覆盖
            </summary>
            <param name="sourceFileName">源文件名</param>
            <param name="destFileName">目标文件名</param>
            <returns>操作是否成功</returns>
        </member>
        <member name="M:DawnXZ.Tools.DawnFileRelated.BackupFile(System.String,System.String,System.Boolean)">
            <summary>
            备份文件
            </summary>
            <param name="sourceFileName">源文件名</param>
            <param name="destFileName">目标文件名</param>
            <param name="overwrite">当目标文件存在时是否覆盖</param>
            <returns>操作是否成功</returns>
        </member>
        <member name="M:DawnXZ.Tools.DawnFileRelated.RestoreFile(System.String,System.String)">
            <summary>
            恢复文件
            </summary>
            <param name="backupFileName">备份文件名</param>
            <param name="targetFileName">要恢复的文件名</param>
            <returns>操作是否成功</returns>
        </member>
        <member name="M:DawnXZ.Tools.DawnFileRelated.RestoreFile(System.String,System.String,System.String)">
            <summary>
            恢复文件
            </summary>
            <param name="backupFileName">备份文件名</param>
            <param name="targetFileName">要恢复的文件名</param>
            <param name="backupTargetFileName">要恢复文件再次备份的名称,如果为null,则不再备份恢复文件</param>
            <returns>操作是否成功</returns>
        </member>
        <member name="M:DawnXZ.Tools.DawnFileRelated.CopyFiles(System.String,System.String,System.Boolean)">
            <summary>
            复制指定目录的所有文件,不包含子目录及子目录中的文件
            </summary>
            <param name="sourceDir">原始目录</param>
            <param name="targetDir">目标目录</param>
            <param name="overWrite">如果为true,表示覆盖同名文件,否则不覆盖</param>
        </member>
        <member name="M:DawnXZ.Tools.DawnFileRelated.CopyFiles(System.String,System.String,System.Boolean,System.Boolean)">
            <summary>
            复制指定目录的所有文件
            </summary>
            <param name="sourceDir">原始目录</param>
            <param name="targetDir">目标目录</param>
            <param name="overWrite">如果为true,覆盖同名文件,否则不覆盖</param>
            <param name="copySubDir">如果为true,包含目录,否则不包含</param>
        </member>
        <member name="M:DawnXZ.Tools.DawnFileRelated.MoveFiles(System.String,System.String,System.Boolean)">
            <summary>
            剪切指定目录的所有文件,不包含子目录
            </summary>
            <param name="sourceDir">原始目录</param>
            <param name="targetDir">目标目录</param>
            <param name="overWrite">如果为true,覆盖同名文件,否则不覆盖</param>
        </member>
        <member name="M:DawnXZ.Tools.DawnFileRelated.MoveFiles(System.String,System.String,System.Boolean,System.Boolean)">
            <summary>
            剪切指定目录的所有文件
            </summary>
            <param name="sourceDir">原始目录</param>
            <param name="targetDir">目标目录</param>
            <param name="overWrite">如果为true,覆盖同名文件,否则不覆盖</param>
            <param name="moveSubDir">如果为true,包含目录,否则不包含</param>
        </member>
        <member name="M:DawnXZ.Tools.DawnFileRelated.DeleteFiles(System.String)">
            <summary>
            删除指定目录的所有文件，不包含子目录
            </summary>
            <param name="targetDir">操作目录</param>
        </member>
        <member name="M:DawnXZ.Tools.DawnFileRelated.DeleteFiles(System.String,System.Boolean)">
            <summary>
            删除指定目录的所有文件和子目录
            </summary>
            <param name="targetDir">操作目录</param>
            <param name="delSubDir">如果为true,包含对子目录的操作</param>
        </member>
        <member name="M:DawnXZ.Tools.DawnFileRelated.CreateDirectory(System.String)">
            <summary>
            创建指定目录
            </summary>
            <param name="targetDir">目标目录路径</param>
        </member>
        <member name="M:DawnXZ.Tools.DawnFileRelated.CreateDirectory(System.String,System.String)">
            <summary>
            建立子目录
            </summary>
            <param name="parentDir">目录路径</param>
            <param name="subDirName">子目录名称</param>
        </member>
        <member name="M:DawnXZ.Tools.DawnFileRelated.DeleteDirectory(System.String)">
            <summary>
            删除指定目录
            </summary>
            <param name="targetDir">目录路径</param>
        </member>
        <member name="M:DawnXZ.Tools.DawnFileRelated.DeleteSubDirectory(System.String)">
            <summary>
            删除指定目录的所有子目录,不包括对当前目录文件的删除
            </summary>
            <param name="targetDir">目录路径</param>
        </member>
        <member name="P:DawnXZ.Tools.DawnFileRelated.LogPath">
            <summary>
            日志存放路径
            </summary>
        </member>
        <member name="P:DawnXZ.Tools.DawnFileRelated.AppPath">
            <summary>
            应用程序路径
            </summary>
        </member>
        <member name="T:DawnXZ.Tools.DawnIniFile">
            <summary>
            INI文件操作类
            </summary>
        </member>
        <member name="F:DawnXZ.Tools.DawnIniFile.FIniFilePath">
            <summary>
            INI 文件绝对路径
            </summary>
        </member>
        <member name="F:DawnXZ.Tools.DawnIniFile.FTrimChar">
            <summary>
            空格替换字符
            </summary>
        </member>
        <member name="M:DawnXZ.Tools.DawnIniFile.#ctor(System.String)">
            <summary>
            构造函数
            </summary>
            <param name="iniFilePath">INI 文件绝对路径</param>
        </member>
        <member name="M:DawnXZ.Tools.DawnIniFile.GetSections">
            <summary>
            Read all of the configuration section
            </summary>
            <returns></returns>
        </member>
        <member name="M:DawnXZ.Tools.DawnIniFile.ReadString(System.String,System.String,System.String)">
            <summary>
            Read string value
            </summary>
            <param name="sectionName">Node Name</param>
            <param name="keyName">Key names</param>
            <param name="defValue">Defaults</param>
            <returns>String value</returns>
        </member>
        <member name="M:DawnXZ.Tools.DawnIniFile.ReadInteger(System.String,System.String,System.Int32)">
            <summary>
            Read integer
            </summary>
            <param name="sectionName">Node Name</param>
            <param name="keyName">Key names</param>
            <param name="defValue">Defaults</param>
            <returns>Integer value</returns>
        </member>
        <member name="M:DawnXZ.Tools.DawnIniFile.ReadBool(System.String,System.String,System.Boolean)">
            <summary>
            Reads a Boolean value
            </summary>
            <param name="sectionName">Node Name</param>
            <param name="keyName">Key names</param>
            <param name="defValue">Defaults</param>
            <returns>Boolean value</returns>
        </member>
        <member name="M:DawnXZ.Tools.DawnIniFile.WriteString(System.String,System.String,System.String)">
            <summary>
            Write string
            </summary>
            <param name="sectionName">Node Name</param>
            <param name="keyName">Key names</param>
            <param name="keyValue">The new value</param>
        </member>
        <member name="M:DawnXZ.Tools.DawnIniFile.WriteInteger(System.String,System.String,System.Int32)">
            <summary>
            Write integer
            </summary>
            <param name="sectionName">Node Name</param>
            <param name="keyName">Key names</param>
            <param name="keyValue">The new value</param>
        </member>
        <member name="M:DawnXZ.Tools.DawnIniFile.WriteBool(System.String,System.String,System.Boolean)">
            <summary>
            Writes a Boolean value
            </summary>
            <param name="sectionName">Node Name</param>
            <param name="keyName">Key names</param>
            <param name="keyValue">The new value</param>
        </member>
        <member name="M:DawnXZ.Tools.DawnIniFile.CeWritePrivateProfileString(System.String,System.String,System.String)">
            <summary>
            Write to the configuration section of key
            </summary>
            <param name="sectionName">Node Name</param>
            <param name="keyName">Key names</param>
            <param name="keyValue">The new value</param>
            <returns></returns>
        </member>
        <member name="M:DawnXZ.Tools.DawnIniFile.CeReadPrivateProfileString(System.String,System.String,System.String)">
            <summary>
            Key to read the configuration section
            </summary>
            <param name="sectionName">Node Name</param>
            <param name="keyName">Key names</param>
            <param name="defValue">Defaults</param>
            <returns>键值</returns>
        </member>
    </members>
</doc>
