<?xml version="1.0"?>
<doc>
    <assembly>
        <name>Pagination</name>
    </assembly>
    <members>
        <member name="T:DawnXZ.Pagination.DawnPagerEng">
            <summary>
            数据分页[HTML标签模式]
            <para>中文字样</para>
            </summary>
        </member>
        <member name="F:DawnXZ.Pagination.DawnPagerEng.FPageCurrent">
            <summary>
            当前页码
            </summary>
        </member>
        <member name="M:DawnXZ.Pagination.DawnPagerEng.CalculatePageCount">
            <summary>
            计算总页数
            （无总页数传入时需单独调用此方法）
            </summary>
        </member>
        <member name="M:DawnXZ.Pagination.DawnPagerEng.#ctor">
            <summary>
            构造函数
            </summary>
        </member>
        <member name="M:DawnXZ.Pagination.DawnPagerEng.#ctor(System.Int32)">
            <summary>
            构造函数
            </summary>
            <param name="digitalpagesize">数字分页—每页个数</param>
        </member>
        <member name="M:DawnXZ.Pagination.DawnPagerEng.#ctor(System.Int32,System.Int32)">
            <summary>
            构造函数
            </summary>
            <param name="pagesize">每页显示记录数</param>
            <param name="digitalpagesize">数字分页—每页个数</param>
        </member>
        <member name="M:DawnXZ.Pagination.DawnPagerEng.#ctor(System.Int32,System.Int32,System.Int32,System.Int32)">
            <summary>
            构造函数
            </summary>
            <remarks>
            <para>无数据时，传入-1</para>
            </remarks>
            <param name="pagecurrent">当前页码</param>
            <param name="pagecount">总页数</param>
            <param name="pagesize">每页显示记录数</param>
            <param name="digitalpagesize">数字分页—每页个数</param>
        </member>
        <member name="M:DawnXZ.Pagination.DawnPagerEng.ShowPagerByForward(System.String,System.String,System.String,System.Boolean,System.Boolean)">
            <summary>
            输出分页HTML标记
            <remarks>
            <para>方向链接分页[页面传参]</para>
            <para>格式：首页 上一页 下一页 末页</para>
            <para>引用 DawnPagerUI.css 文件</para>
            </remarks>
            </summary>
            <param name="urlPath">URL路径（或页面名称）</param>
            <param name="pagerName">数据分页标识名称</param>
            <param name="parameter">URL参数，分页模式的特定格式，详见JS文件</param>
            <param name="outPageCount">是否输出实时页总条数，需要给PageRecordCount实时赋值</param>
            <param name="showSelect">是否输出页码选择器</param>
            <returns>HTML</returns>
        </member>
        <member name="M:DawnXZ.Pagination.DawnPagerEng.ShowPagerByNumeric(System.String,System.String,System.String,System.Boolean)">
            <summary>
            输出分页HTML标记
            <remarks>
            <para>数字链接分页[页面传参]</para>
            <para>默认每页9链接，必须为单数</para>
            <para>格式：上一页 1 2...10 下一页</para>
            <para>引用 DawnPagerUI.css 文件</para>
            </remarks>
            </summary>
            <param name="urlPath">URL路径（或页面名称）</param>
            <param name="pagerName">数据分页标识名称</param>
            <param name="parameter">URL参数，分页模式的特定格式，详见JS文件</param>
            <param name="outPageCount">是否输出实时页总条数，需要给PageRecordCount实时赋值</param>
            <returns>HTML</returns>
        </member>
        <member name="M:DawnXZ.Pagination.DawnPagerEng.ShowPagerOfScriptByForward(System.String,System.String,System.Boolean,System.Boolean,DawnXZ.Pagination.PagerType)">
            <summary>
            输出分页HTML标记
            <remarks>
            <para>方向链接分页[Ajax、MVC、静态URL]</para>
            <para>格式：首页 上一页 下一页 末页</para>
            <para>引用 DawnPagerUI.css 文件</para>
            <para>引用 DawnPagerJS.js 文件</para>
            </remarks>
            </summary>
            <param name="urlPath">URL路径（或页面名称）</param>
            <param name="parameter">URL参数，分页模式的特定格式，详见JS文件</param>
            <param name="outPageCount">是否输出实时页总条数，需要给PageRecordCount实时赋值</param>
            <param name="showSelect">是否输出页码选择器</param>
            <param name="pagerType">数据分页模式</param>
            <returns>HTML</returns>
        </member>
        <member name="M:DawnXZ.Pagination.DawnPagerEng.ShowPagerOfScriptByNumeric(System.String,System.String,System.Boolean,DawnXZ.Pagination.PagerType)">
            <summary>
            输出分页HTML标记
            <remarks>
            <para>数字链接分页[Ajax、MVC、静态URL]</para>
            <para>默认每页9链接，必须为单数</para>
            <para>格式：上一页 1 2...10 下一页</para>
            <para>引用 DawnPagerUI.css 文件</para>
            <para>引用 DawnPagerJS.js 文件</para>
            </remarks>
            </summary>
            <param name="urlPath">URL路径（或页面名称）</param>
            <param name="parameter">URL参数，分页模式的特定格式，详见JS文件</param>
            <param name="outPageCount">是否输出实时页总条数，需要给PageRecordCount实时赋值</param>
            <param name="pagerType">数据分页模式</param>
            <returns>HTML</returns>
        </member>
        <member name="P:DawnXZ.Pagination.DawnPagerEng.PageCurrent">
            <summary>
            当前页码
            </summary>
        </member>
        <member name="P:DawnXZ.Pagination.DawnPagerEng.PageCount">
            <summary>
            总页数
            </summary>
        </member>
        <member name="P:DawnXZ.Pagination.DawnPagerEng.PageSize">
            <summary>
            每页显示记录数
            </summary>
        </member>
        <member name="P:DawnXZ.Pagination.DawnPagerEng.RecordCount">
            <summary>
            总记录数
            </summary>
        </member>
        <member name="P:DawnXZ.Pagination.DawnPagerEng.PageRecordCount">
            <summary>
            当前页总记录数
            </summary>
        </member>
        <member name="P:DawnXZ.Pagination.DawnPagerEng.DigitalPageSize">
            <summary>
            数字分页—每页个数
            </summary>
        </member>
        <member name="P:DawnXZ.Pagination.DawnPagerEng.DigitalPageCount">
            <summary>
            数字分页—总页数
            </summary>
        </member>
        <member name="P:DawnXZ.Pagination.DawnPagerEng.DigitalPageFlag">
            <summary>
            数字分页—翻页标记
            </summary>
        </member>
        <member name="T:DawnXZ.Pagination.DawnPagerChs">
            <summary>
            数据分页[HTML标签模式]
            <para>中文字样</para>
            </summary>
        </member>
        <member name="F:DawnXZ.Pagination.DawnPagerChs.FPageCurrent">
            <summary>
            当前页码
            </summary>
        </member>
        <member name="M:DawnXZ.Pagination.DawnPagerChs.CalculatePageCount">
            <summary>
            计算总页数
            （无总页数传入时需单独调用此方法）
            </summary>
        </member>
        <member name="M:DawnXZ.Pagination.DawnPagerChs.#ctor">
            <summary>
            构造函数
            </summary>
        </member>
        <member name="M:DawnXZ.Pagination.DawnPagerChs.#ctor(System.Int32)">
            <summary>
            构造函数
            </summary>
            <param name="digitalpagesize">数字分页—每页个数</param>
        </member>
        <member name="M:DawnXZ.Pagination.DawnPagerChs.#ctor(System.Int32,System.Int32)">
            <summary>
            构造函数
            </summary>
            <param name="pagesize">每页显示记录数</param>
            <param name="digitalpagesize">数字分页—每页个数</param>
        </member>
        <member name="M:DawnXZ.Pagination.DawnPagerChs.#ctor(System.Int32,System.Int32,System.Int32,System.Int32)">
            <summary>
            构造函数
            </summary>
            <remarks>
            <para>无数据时，传入-1</para>
            </remarks>
            <param name="pagecurrent">当前页码</param>
            <param name="pagecount">总页数</param>
            <param name="pagesize">每页显示记录数</param>
            <param name="digitalpagesize">数字分页—每页个数</param>
        </member>
        <member name="M:DawnXZ.Pagination.DawnPagerChs.ShowPagerByForward(System.String,System.String,System.String,System.Boolean,System.Boolean)">
            <summary>
            输出分页HTML标记
            <remarks>
            <para>方向链接分页[页面传参]</para>
            <para>格式：首页 上一页 下一页 末页</para>
            <para>引用 DawnPagerUI.css 文件</para>
            </remarks>
            </summary>
            <param name="urlPath">URL路径（或页面名称）</param>
            <param name="pagerName">数据分页标识名称</param>
            <param name="parameter">URL参数，分页模式的特定格式，详见JS文件</param>
            <param name="outPageCount">是否输出实时页总条数，需要给PageRecordCount实时赋值</param>
            <param name="showSelect">是否输出页码选择器</param>
            <returns>HTML</returns>
        </member>
        <member name="M:DawnXZ.Pagination.DawnPagerChs.ShowPagerByNumeric(System.String,System.String,System.String,System.Boolean)">
            <summary>
            输出分页HTML标记
            <remarks>
            <para>数字链接分页[页面传参]</para>
            <para>默认每页9链接，必须为单数</para>
            <para>格式：上一页 1 2...10 下一页</para>
            <para>引用 DawnPagerUI.css 文件</para>
            </remarks>
            </summary>
            <param name="urlPath">URL路径（或页面名称）</param>
            <param name="pagerName">数据分页标识名称</param>
            <param name="parameter">URL参数，分页模式的特定格式，详见JS文件</param>
            <param name="outPageCount">是否输出实时页总条数，需要给PageRecordCount实时赋值</param>
            <returns>HTML</returns>
        </member>
        <member name="M:DawnXZ.Pagination.DawnPagerChs.ShowPagerOfScriptByForward(System.String,System.String,System.Boolean,System.Boolean,DawnXZ.Pagination.PagerType)">
            <summary>
            输出分页HTML标记
            <remarks>
            <para>方向链接分页[Ajax、MVC、静态URL]</para>
            <para>格式：首页 上一页 下一页 末页</para>
            <para>引用 DawnPagerUI.css 文件</para>
            <para>引用 DawnPagerJS.js 文件</para>
            </remarks>
            </summary>
            <param name="urlPath">URL路径（或页面名称）</param>
            <param name="parameter">URL参数，分页模式的特定格式，详见JS文件</param>
            <param name="outPageCount">是否输出实时页总条数，需要给PageRecordCount实时赋值</param>
            <param name="showSelect">是否输出页码选择器</param>
            <param name="pagerType">数据分页模式</param>
            <returns>HTML</returns>
        </member>
        <member name="M:DawnXZ.Pagination.DawnPagerChs.ShowPagerOfScriptByNumeric(System.String,System.String,System.Boolean,DawnXZ.Pagination.PagerType)">
            <summary>
            输出分页HTML标记
            <remarks>
            <para>数字链接分页[Ajax、MVC、静态URL]</para>
            <para>默认每页9链接，必须为单数</para>
            <para>格式：上一页 1 2...10 下一页</para>
            <para>引用 DawnPagerUI.css 文件</para>
            <para>引用 DawnPagerJS.js 文件</para>
            </remarks>
            </summary>
            <param name="urlPath">URL路径（或页面名称）</param>
            <param name="parameter">URL参数，分页模式的特定格式，详见JS文件</param>
            <param name="outPageCount">是否输出实时页总条数，需要给PageRecordCount实时赋值</param>
            <param name="pagerType">数据分页模式</param>
            <returns>HTML</returns>
        </member>
        <member name="P:DawnXZ.Pagination.DawnPagerChs.PageCurrent">
            <summary>
            当前页码
            </summary>
        </member>
        <member name="P:DawnXZ.Pagination.DawnPagerChs.PageCount">
            <summary>
            总页数
            </summary>
        </member>
        <member name="P:DawnXZ.Pagination.DawnPagerChs.PageSize">
            <summary>
            每页显示记录数
            </summary>
        </member>
        <member name="P:DawnXZ.Pagination.DawnPagerChs.RecordCount">
            <summary>
            总记录数
            </summary>
        </member>
        <member name="P:DawnXZ.Pagination.DawnPagerChs.PageRecordCount">
            <summary>
            当前页总记录数
            </summary>
        </member>
        <member name="P:DawnXZ.Pagination.DawnPagerChs.DigitalPageSize">
            <summary>
            数字分页—每页个数
            </summary>
        </member>
        <member name="P:DawnXZ.Pagination.DawnPagerChs.DigitalPageCount">
            <summary>
            数字分页—总页数
            </summary>
        </member>
        <member name="P:DawnXZ.Pagination.DawnPagerChs.DigitalPageFlag">
            <summary>
            数字分页—翻页标记
            </summary>
        </member>
        <member name="T:DawnXZ.Pagination.PagerType">
            <summary>
            数据分页模式
            </summary>
        </member>
        <member name="F:DawnXZ.Pagination.PagerType.Ajax">
            <summary>
            Ajax模式，Json数据模式
            </summary>
        </member>
        <member name="F:DawnXZ.Pagination.PagerType.Mvc">
            <summary>
            MVC 模式，Json数据模式
            </summary>
        </member>
        <member name="F:DawnXZ.Pagination.PagerType.Url">
            <summary>
            URL 链接传参，URL必须静态化
            </summary>
        </member>
    </members>
</doc>
